{
  "ars_nouveau:mob_jar": null,
  "balm:jade": null,
  "cookingforblockheads:fridge": null,
  "cookingforblockheads:milk_jar": null,
  "cookingforblockheads:oven": null,
  "cookingforblockheads:preservation_chamber": null,
  "cookingforblockheads:sink": null,
  "cookingforblockheads:toaster": null,
  "create_mechanical_spawner:spawner_data": null,
  "createsifter:sifter_data": null,
  "delightful:crop_progress": null,
  "delightful:mushroom_colony": null,
  "delightful:pie_icons": null,
  "exposure:lightroom": null,
  "exposure:photograph_frame": null,
  "framedblocks:framed_item_frame": null,
  "immersiveengineering:multiblock_icon": null,
  "immersiveengineering:multiblock_inventory": null,
  "immersiveengineering:multiblock_tank": null,
  "jade:block_face": null,
  "jade:distance": null,
  "jade:mod_name": null,
  "jade:object_name": null,
  "jade:registry_name": null,
  "jadeaddons.create:backtank_capacity": null,
  "jadeaddons.create:blaze_burner": null,
  "jadeaddons.create:contraption_inv": null,
  "jadeaddons.create:crafting_blueprint": null,
  "jadeaddons.create:exact_block": null,
  "jadeaddons.create:filter": null,
  "jadeaddons.create:goggles": null,
  "jadeaddons.create:hide_boiler_tanks": null,
  "jadeaddons.create:package": null,
  "jadeaddons.create:placard": null,
  "jadeaddons.create:table_cloth": null,
  "jadeaddons.lootr:inventory": null,
  "minecraft:animal_owner": null,
  "minecraft:armor_stand": null,
  "minecraft:beehive": null,
  "minecraft:block_display": null,
  "minecraft:block_states": null,
  "minecraft:brewing_stand": null,
  "minecraft:campfire": null,
  "minecraft:chicken_egg": null,
  "minecraft:chiseled_bookshelf": null,
  "minecraft:command_block": null,
  "minecraft:crop_progress": null,
  "minecraft:enchantment_power": null,
  "minecraft:energy_storage": null,
  "minecraft:entity_armor": null,
  "minecraft:entity_health": null,
  "minecraft:falling_block": null,
  "minecraft:fluid_storage": null,
  "minecraft:furnace": null,
  "minecraft:harvest_tool": null,
  "minecraft:horse_stats": null,
  "minecraft:item_ber": null,
  "minecraft:item_display": null,
  "minecraft:item_frame": null,
  "minecraft:item_storage": null,
  "minecraft:item_tooltip": null,
  "minecraft:jukebox": null,
  "minecraft:lectern": null,
  "minecraft:mob_breeding": null,
  "minecraft:mob_growth": null,
  "minecraft:mob_spawner": null,
  "minecraft:note_block": null,
  "minecraft:painting": null,
  "minecraft:player_head": null,
  "minecraft:potion_effects": null,
  "minecraft:progress": null,
  "minecraft:redstone": null,
  "minecraft:tnt_stability": null,
  "minecraft:total_enchantment_power": null,
  "minecraft:villager_profession": null,
  "minecraft:waxed": null,
  "minecraft:zombie_villager": null,
  "mysticalagriculture:crop": null,
  "mysticalagriculture:inferium_crop": null,
  "mysticalagriculture:infused_farmland": null,
  "player_companions:player_companion_collector_entity_provider": null,
  "player_companions:player_companion_entity_provider": null,
  "player_companions:player_companion_guard_entity_provider": null,
  "projecte:emc_provider": null,
  "supplementaries:hat_stand": null,
  "supplementaries:present": null,
  "supplementaries:safe": null,
  "twilightforest:quest_ram_wool": null
}